Pregunta;Opcion 1;Opcion 2;Opcion 3;Opcion 4;Opcion 5;Respuestas
Quien es jesus?;Un pana;Un vagabundo;Diosito;Otro;;1 2
Quien soy?;Estudiante;Alguien mas;Otra person;Aja;Yo;1 5
A large company is interested in avoiding long-term contracts and moving from fixed costs to variable costs. What is the value proposition of AWS for this company?;Pay-as-you-go pricing;Economies of scale;Automated cost optimization;Volume pricing discounts;;2
Which AWS service can a team use to deploy infrastructure on AWS using familiar programming languages?;AWS CodeCommit;AWS Config;Amazon CodeGuru;AWS Cloud Development Kit (AWS CDK);;4
Which of the following statements best describes the concept of agility in relation to cloud computing on AWS? (Select TWO.);The speed at which AWS resources can be created.; The elimination of wasted capacity.;The ability to experiment quickly.; The speed at which AWS rolls out new features.;The ability to automatically scale capacity.;1 5
Which of the following is a sole responsibility of AWS?;Customer data access controls;Patch management; Application deployment;Availability Zone management;;4
Which AWS Cloud service provides recommendations on how to optimize performance for AWS services?;Amazon Inspector;AWS Trusted Advisor; Amazon CloudWatch;AWS CloudTrail;;2
What is one method of protecting against distributed denial of service (DDoS) attacks in the AWS Cloud?;Enable AWS CloudTrail logging.;Use Amazon CloudWatch monitoring.;Configure a firewall in front of resources.; Monitor the AWS Health Dashboard.;;3
AWS are able to continually reduce their pricing due to:;Compute savings plans.;Economies of scale.; Pay-as-you go pricing.;Elastic compute services.;;2
According to the AWS shared responsibility model which of the following is a responsibility of AWS?;Configuring network ACLs to block malicious attacks.;Patching software running on Amazon EC2 instances.;Updating security group rules to enable connectivity.;Updating the firmware on the underlying EC2 hosts.;;4
A Cloud Practitioner needs a tool that can assist with viewing and managing AWS costs and usage over time. Which tool should the Cloud Practitioner use?;AWS Budgets;AWS Cost Explorer; Amazon Inspector;AWS Organizations;;2
Which of the following can an AWS customer use to launch a new ElastiCache cluster? (Select TWO.);AWS CloudFormation;AWS Management Console; AWS Concierge;AWS Data Pipeline;AWS Systems Manager;1 2
What advantages does a database administrator obtain by using the Amazon Relational Database Service (RDS)?;RDS provides 99.99999999999% reliability and durability.;RDS simplifies relational database administration tasks.; RDS databases automatically scale based on load.;RDS enables users to dynamically adjust CPU and RAM resources.;;2
An application uses a PostgreSQL database running on a single Amazon EC2 instance. A Cloud Practitioner has been asked to increase the availability of the database so there is automatic recovery in the case of a failure.;Configure an Elastic Load Balancer in front of the EC2 instance.;Migrate the database to Amazon RDS and enable the Multi-AZ feature.;Configure EC2 Auto Recovery to move the instance to another Region.;Set the DeleteOnTermination value to false for the EBS root volume.;;2
Which tasks require the use of the AWS account root user? (Select TWO.);Changing AWS Support plans.; Changing the account name.;Changing payment currency.; Viewing AWS CloudTrail logs.;Enabling encryption for S3.;1 2
A website has a global customer base and users have reported poor performance when connecting to the site. Which AWS service will improve the customer experience by reducing latency?;Amazon EC2 Auto Scaling;Amazon CloudFront; AWS Direct Connect;Amazon ElastiCache;;2
What is the best practice for managing AWS IAM access keys?;There is no need to manage access keys.;Never use access keys; always use IAM roles.; Customers should rotate access keys regularly.;AWS rotate access keys on a schedule.;3
A company needs to publish messages to a thousands of subscribers simultaneously using a push mechanism. Which AWS service should the company use?;Amazon Simple Notification Service (Amazon SNS); Amazon Simple Workflow Service (SWF);AWS Step Functions;Amazon Simple Queue Service (Amazon SQS);;1
Which AWS service can a company use to discover and protect sensitive data that is stored in Amazon S3 buckets.;AWS Policy Generator; Amazon Detective;Amazon Macie;Amazon GuardDuty;;3
A Cloud Practitioner is developing a new application and wishes to integrate features of AWS services directly into the application. Which of the following is the BEST tool for this purpose?;AWS CodePipeline;AWS CodeDeploy;AWS Command Line Interface (CLI);AWS Software Development Kit; ;4
An Amazon Virtual Private Cloud (VPC) can include multiple:;Availability Zones.; Edge locations.;Internet gateways.;AWS Regions.;;1
How much data can a company store in the Amazon S3 service?;Virtually unlimited; 100 TB;100 PB;1 PB;;1
A company is deploying a new web application in a single AWS Region that will be used by users globally. Which AWS services will assist with lowering latency and improving transfer speeds for the global users? (Select TWO.);AWS Transit Gateway;AWS Direct Connect;AWS Snowcone;AWS Global Accelerator; Amazon CloudFront;4 5
Which AWS services can a company use to gather information about activity in their AWS account? (Select TWO.);AWS CloudTrail; Amazon CloudFront;Amazon Connect;Amazon CloudWatch; AWS Trusted Advisor;1 4
Which of the following will help a user determine if they need to request an Amazon EC2 service limit increase?;AWS Cost Explorer;AWS Trusted Advisor; Amazon RDS;AWS Health Dashboard;;2
A company is planning to deploy an application with a relational database on AWS. The application layer requires access to the database instance�??s operating system in order to run scripts. The company prefer to keep management overhead to a minimum. Which deployment should be used for the database?;Amazon EC2;Amazon S3;Amazon RDS;Amazon DynamoDB;;1
Which design principles are enabled by the AWS Cloud to improve the operation of workloads? (Select TWO.);Minimum viable product; Minimize platform design; Loose coupling;Remove single points of failure;Customized hardware;3 4
Which resource should a new user on AWS use to get help with deploying popular technologies based on AWS best practices including architecture and deployment instructions?;AWS Partner Solutions;AWS CloudFormation;AWS Artifact; AWS Config;;1
A company has many underutilized compute resources on-premises. Which AWS Cloud feature will help resolve this issue?;High availability;Elasticity; Global deployment;Fault tolerance;;2
What can a Cloud Practitioner use to categorize and track AWS costs by project?;Consolidated billing;AWS Trusted Advisor;Cost Allocation Tags; Multiple accounts;;3
A company uses Amazon EC2 instances to run applications that are dedicated to different departments. The company needs to break out the costs of these applications and allocate them to the relevant department. The EC2 instances run in a single VPC. How can the company achieve these requirements?;Add additional Amazon VPCs and launch each application in a separate VPC.;Enable billing access for IAM users and view the costs in Cost Explorer.;Enable billing alerts through Amazon CloudWatch and Amazon SNS.;Create tags by department on the instances and then run a cost allocation report.; ;4
A customer needs to determine Total Cost of Ownership (TCO) for a workload that requires physical isolation. Which hosting model should be accounted for?;Spot Instances;Reserved Instances;On-Demand Instances;Dedicated Hosts;;4
For what purpose would a Cloud Practitioner access AWS Artifact?;Download configuration details for all AWS resources.; Gain access to AWS security and compliance documents.;Access training materials for AWS services.;Create a security assessment report for AWS services.;;2
A company plans to use reserved instances to get discounted pricing for Amazon EC2 instances. The company may need to change the EC2 instance type during the one year period. Which instance purchasing option is the MOST cost-effective for this use case?;Zonal Reserved Instances;Convertible Reserved Instances; Standard Reserved Instances;Regional Reserved Instances;;2
Which AWS service provides a managed software version control system?;AWS DataSync;Amazon CodeDeploy;AWS CodeCommit; AWS CodePipeline;;3
Which of the following AWS services are compute services? (Select TWO.);Amazon EFS;AWS Elastic Beanstalk;AWS Batch;Amazon Inspector; AWS CloudTrail;2 3
Which AWS feature can be used to launch a pre-configured Amazon Elastic Compute Cloud (EC2) instance?;Amazon Machine Image (AMI); Amazon AppStream 2.0;Amazon Elastic Block Store (EBS);Amazon EC2 Systems Manager;;1
How does the AWS cloud increase the speed and agility of execution for customers? (Select TWO.);Private connections to data centers;Fast provisioning of resources; Scalable compute capacity;Lower cost of deployment; Secured data centers;2 3
When running applications in the AWS Cloud  which common tasks can AWS manage on behalf of their customers? (Select TWO.);Patching database software; Application source code auditing; Taking a backup of a database;Creating a database schema;Application security testing;1 3
A company must provide access to AWS resources for their employees. Which security practices should they follow? (Select TWO.);Disable password policies and management console access.;Create IAM Roles and apply them to IAM groups.;Create IAM policies based on least privilege principles.; Enable multi-factor authentication for users.; Create IAM users in different AWS Regions.;3 4
A company is planning to move a number of legacy applications to the AWS Cloud. The solution must be cost-effective. Which approach should the company take?;Use AWS Lambda to host the legacy applications in the cloud.; Rehost the applications on Amazon EC2 instances that are right-sized.;Use an Amazon S3 static website to host the legacy application code.;Migrate the applications to dedicated hosts on Amazon EC2.;;2
What are AWS Identity and Access Management (IAM) access keys used for?;Enabling encryption in transit for web servers.;Ensuring the integrity of log files;Logging in to the AWS Management Console.; Making programmatic calls to AWS from AWS APIs.;;3
Which of the following represents a value proposition for using the AWS Cloud?;AWS is responsible for securing your applications.;AWS provides full access to their data centers.;Customers can request specialized hardware.;It is not necessary to enter into long term contracts.;;4
Which tasks can a user complete using the AWS Cost Management tools? (Select TWO.);Automatically terminate AWS resources if budget thresholds are exceeded.; Move data stored in Amazon S3 Standard to an archiving storage class to reduce cost.;Launch either EC2 Spot instances or On-Demand instances based on the current pricing.;Create budgets and receive notifications if current or forecasted usage exceeds the budgets.; Delete all of your AWS resources with a single click.;1 4
A Cloud Practitioner requires point-in-time recovery (PITR) for an Amazon DynamoDB table. Who is responsible for configuring and performing backups?;The customer is responsible for both tasks.;AWS is responsible for configuring and the user is responsible for performing backups.;AWS is responsible for both tasks.;The customer is responsible for configuring and AWS is responsible for performing backups.;;4
Which type of credential should a Cloud Practitioner use for programmatic access to AWS resources from the AWS CLI/API?;SSH public keys; User name and password;Access keys;SSL/TLS certificate;;3
Which of the following are valid benefits of using the AWS Cloud? (Select TWO.);Total control over data center infrastructure.;Ability to go global quickly.; Outsource all operational risk.;Fast provisioning of IT resources.; Outsource all application development to AWS.;2 4
A company is launching a new website which is expected to have highly variable levels of traffic. The website will run on Amazon EC2 and must be highly available. What is the MOST cost-effective approach?;Create an Amazon EC2 Auto Scaling group and configure an Elastic Load Balancer.; Determine the highest expected traffic and use an appropriate instance type.;Use the AWS CLI to launch and terminate Amazon EC2 instances to match demand.;Launch the website using an Amazon EC2 instance running on a dedicated host.;;1
A company runs a batch job on an Amazon EC2 instance and it takes 6 hours to complete. The workload is expected to double in volume each month with a proportional increase in processing time. What is the most efficient cloud architecture to address the growing workload?;Change the Amazon EC2 volume type to a Provisioned IOPS SSD volume.; Run the batch job on a larger Amazon EC2 instance type with more CPU.;Run the batch workload in parallel across multiple Amazon EC2 instances.;Run the application on a bare metal Amazon EC2 instance.;;3
A company is deploying an application in the AWS Cloud. How can they secure the application? (Select TWO.);Provide full admin access to developer and operations staff.;Configure public access for the AWS services used by the application.;Enable monitoring by turning off encryption for data in transit.;Enable encryption for the application data at rest.; Limit access privileges according to the principal of least privilege.;4 5
An individual IAM user must be granted access to an Amazon S3 bucket using a bucket policy. Which element in the S3 bucket policy should be updated to define the user account for which access will be granted?;Action;Resource;Principal;Condition;;3
A company plans to deploy a relational database on AWS. The IT department will perform database administration. Which service should the company use?;Amazon EC2;Amazon ElastiCache;Amazon RedShift;Amazon DynamoDB;;1
A Cloud Practitioner anticipates an increase in application traffic at a future date and time when a sales event will take place. How can the Cloud Practitioner configure Amazon EC2 Auto Scaling to ensure the right number of Amazon EC2 instances are available ahead of the event?;Configure a target tracking scaling policy.;Configure predictive scaling.;Configure a scheduled scaling policy.; Configure a step scaling policy.;;3
A company is deploying a MySQL database on AWS. The database must easily scale and have automatic backup enabled. Which AWS service should the company use?;Amazon DocumentDB;Amazon Athena;Amazon Aurora;Amazon DynamoDB;;3
A Cloud Practitioner needs to monitor a new Amazon EC2 instances CPU and network utilization. Which AWS service should be used?;AWS CloudTrail;Amazon CloudWatch; AWS Systems Manager;Amazon Inspector;;2
A company has multiple AWS accounts and is using AWS Organizations with consolidated billing. Which advantages will they benefit from? (Select TWO.);They will receive a fixed discount for all usage across accounts.;They may benefit from lower unit pricing for aggregated usage.; The default service limits in all accounts will be increased.;They will receive one bill for the accounts in the Organization.;They will be automatically enrolled in a business support plan.;2 4
Customers using AWS services must patch operating systems on which of the following services?;Amazon EC2; AWS Lambda;AWS Fargate;Amazon DynamoDB;;1
A company is migrating a monolithic application that does not scale well into the cloud and refactoring it into a microservices architecture. Which best practice of the AWS Well-Architected Framework does this plan relate to?;Stop spending money on undifferentiated heavy lifting.;Manage change in automation.;Use multiple solutions to improve performance.; Implement loosely coupled services.;;4
A user is planning to launch three EC2 instances behind a single Elastic Load Balancer. The deployment should be highly available. How should the user achieve this?;Launch the instances as EC2 Spot Instances in the same AWS Region and the same Availability Zone.;Launch the instances across multiple Availability Zones in a single AWS Region;Launch the instances as EC2 Reserved Instances in the same AWS Region; but in different Availability Zones.;Launch the instances in multiple AWS Regions and use Elastic IP addresses.;2
Which AWS service or feature can assist with protecting a website that is hosted outside of AWS?;AWS Web Application Firewall (WAF); Amazon EC2 security groups;Amazon VPC network ACLs;Amazon VPC route tables;;1
A company is deploying a new workload and software licensing requirements dictate that the workload must be run on a specific physical server. Which Amazon EC2 instance deployment option should be used? ;Spot Instances;Reserved Instances;Dedicated Instances;Dedicated Hosts;;4
Which of the following deployments involves the reliability pillar of the AWS Well-Architected Framework?;Amazon RDS Multi-AZ deployment;Use CloudFormation to deploy infrastructure;Attach a WebACL to a CloudFront distribution;Amazon EBS provisioned IOPS volume;;1
A company is designing a new a service that must align with the operational excellence pillar of the AWS Well-Architected Framework. Which design principles should the company follow? (Select TWO.);Perform operations as code.;Make large-scale changes;Create static operational procedures;Anticipate failure.;Perform manual operations;1 4
Which benefits can a company gain by deploying a relational database on Amazon RDS instead of Amazon EC2? (Select TWO.);Schema management;Automated backups;Indexing of tables;Root access to OS;Software patching;2 5
A company is deploying an application on Amazon EC2 that requires low-latency access to application components in an on-premises data center. Which AWS service or resource can the company use to extend their existing VPC to the on-premises data center?;AWS Outposts;AWS Direct Connect;Amazon Connect;Amazon Workspaces;;1
A user needs to identify underutilized Amazon EC2 instances to reduce costs.;AWS Health Dashboard;AWS Cost Explorer;AWS CodeBuild;AWS Trusted Advisor;;4
Which of the following AWS features or services can be used to provide root storage volumes for Amazon EC2 instances?;Amazon Simple Storage Service (S3);Amazon Machine Image;Amazon Elastic Block Store (EBS);Amazon Elastic File System (EFS);;3
Which AWS-managed service can be used to process vast amounts of data using a hosted Hadoop framework? ;Amazon EMR;Amazon DynamoDB;Amazon Redshift;Amazon Athena;;1
A Cloud Practitioner noticed that IP addresses that are owned by AWS are being used to attempt to flood ports on some of the company�??s systems. To whom should the issue be reported?;AWS Partner Network (APN);AWS Technical Account Manager (TAM);AWS Professional Services;AWS Trust & Safety team;;4
How can an organization take advantage of tiered pricing across multiple business units within an organization? ;AWS Organizations service control policies (SCPs).;Cost Explorer utilization reports.;All Upfront Reserved Instances;AWS Organizations consolidated billing.;;4
What can be used to allow an application running on an Amazon EC2 instance to securely store data in an Amazon S3 bucket without using long-term credentials? ;AWS Systems Manager;AWS IAM role;Amazon Connect;AWS IAM access key;;2
According to the AWS Shared responsibility model  which two tasks are the responsibility of AWS? (Select TWO.);Perform identity and access management.;Encrypt client-side data and authenticate data integrity.;Provide physical security for Availability Zones.;Manage customer data;Patch the operating system of Amazon S3;3 5
A Cloud Practitioner requires a simple method to identify if unrestricted access to resources has been allowed by security groups. Which service can the Cloud Practitioner use? ;AWS Trusted Advisor;AWS CloudTrail;VPC Flow Logs;Amazon CloudWatch;;1
What should a Cloud Practitioner ensure when designing a highly available architecture on AWS? ;Servers have low-latency and high throughput network connectivity.;The failure of a single component should not affect the application.;A single monolithic application component handles all operations.;There are enough servers to run at peak load available at all times.;;2
Which Amazon EC2 tool acts as a virtual firewall to control inbound and outbound traffic to an EC2 instance? ;Security group;AWS WAF;Network access control list (ACL);AWS Shield;;1
A Service Control Policy (SCP) is used to manage the maximum available permissions and is associated with which of the following? ;AWS Organizations;AWS Global Infrastructure;Availability Zones;AWS Regions;;1
Which Amazon EC2 pricing model should be avoided if a workload cannot accept interruption if capacity becomes temporarily unavailable? ;Standard Reserved Instances;Spot Instances;On-Demand Instances;Convertible Reserved Instances;;2
According to the shared responsibility mode  which security and compliance task is AWS responsible for?;Granting permissions to users and services;Updating Amazon EC2 host firmware;Updating operating systems;Encrypting data at rest;;2
A company has a global user base and needs to deploy AWS services that can decrease network latency for their users. Which services may assist? (Select TWO.) ;AWS Direct Connect;Amazon VPC;Application Auto Scaling;AWS Global Accelerator;Amazon CloudFront;4 5
According to the shared responsibility model  which security-related task is the responsibility of the customer?;Maintaining physical networking configuration.;Securing servers and racks at AWS data centers;Maintaining server-side encryption.;Maintaining firewall configurations at a hardware level.;;3
A company is interested in moving its on-premises NoSQL database into the AWS Cloud. Which AWS service should the company use to replace their existing database?;Amazon RDS for MySQL;Amazon Redshift;Amazon Quantum Ledger Database (Amazon QLDB);Amazon DynamoDB;;3
Which service can a Cloud Practitioner use to configure custom cost and usage limits and enable alerts for when defined thresholds are exceeded? ;AWS Budgets;Cost Explorer;Consolidated billing;AWS Trusted Advisor;;1
Which benefit of AWS enables companies to replace upfront fixed expenses with variable expenses when using on-demand technology services? ;Pay-as-you-go pricing;High availability;Economies of scale;Global reach;;1
A user needs an automated security assessment report that will identify unintended network access to Amazon EC2 instances and vulnerabilities on those instances. Which AWS service will provide this assessment report?;AWS Config;Amazon Macie;Amazon Inspector;EC2 security groups;;3
A company requires a dashboard for reporting when using a business intelligence solution. Which AWS service can a Cloud Practitioner use? Which AWS service can be used?;Amazon Athena;Amazon QuickSight;Amazon Kinesis;Amazon Redshift;;2
Which AWS service should a Cloud Practitioner use to automate con���guration management using Puppet? ;AWS Config;AWS Systems Manager;AWS OpsWorks;AWS CloudFormation;;3
A company needs a consistent and dedicated connection between AWS resources and an on-premise system. Which AWS service can ful���l this requirement?;AWS Direct Connect;Amazon Connect;AWS Managed VPN;AWS DataSync;;1
Which AWS service is used to send both text and email messages from distributed applications? ;Amazon Simple Queue Service (Amazon SQS);Amazon Simple Email Service (Amazon SES;Amazon Simple Workflow Service (Amazon SWF);Amazon Simple Noti���cation Service (Amazon SNS);;4
AWS are able to continue to reduce their pricing due to: ;Economies of scale;The AWS global infrastructure;Pay-as-you go pricing;Reserved instance pricing;;1
Which cloud architecture design principle is supported by deploying workloads across multiple Availability Zones? ;Enable elasticity.;Automate infrastructure.;Design for agility.;Design for failure.;;4
A Cloud practitioner wants to know if there are services which can protect from DDoS (Distributed Denial of Service) attacks directed at AWS services. Which AWS service or tool will provide this protection?;AWS Shield;Amazon GuardDuty;Network access control list (ACL);Security group;;1
Which of the following tasks can a user perform to optimize Amazon EC2 costs? (Select TWO.) ;Create a policy to restrict IAM users from accessing the Amazon EC2 console.;Set a budget to limit spending on Amazon EC2 instances using AWS Budgets.;Create users in a single Region to reduce the spread of EC2 instances globally.;Implement Auto Scaling groups to add and remove instances based on demand.;Purchase Amazon EC2 Reserved Instances.;4 5
Which combination of steps will enable multi-factor authentication (MFA) on an AWS account? (Select TWO. ;Contact AWS Support to initiate MFA activation.;Activate the MFA device by using Amazon GuardDuty.;Activate AWS Shield on an MFA-compatible device.;Activate the MFA device in the IAM console or by using the AWS CLI.;Acquire an MFA-compatible device.;4 5
Which of the following statements are security principles within the AWS Well-Architected Framework? (Select TWO.) ;Monitor alert and audit actions and changes to AWS resources.;Analyze and attribute expenditures.;Deploy globally in minutes.;Protect data in transit and at rest.;Perform operations as code.;1 4
What AWS service  tool or feature can help companies identify underutilized Amazon EC2 instances and reduce their costs?;Amazon Inspector;AWS Trusted Advisor;Cost Explorer;Consolidated billing;;2
A Cloud Practitioner is re-architecting a monolithic application. Which design principles for cloud architecture do AWS recommend? (Select TWO.) ;Use self-managed servers.;Implement loose coupling.;Rely on individual components.;Design for scalability.;Implement manual scalability.;2 4
An eCommerce company plans to use the AWS Cloud to quickly deliver new functionality in an iterative manner  minimizing the time to market. Which feature of the AWS Cloud provides this functionality?;Cost effectiveness;Agility;Fault tolerance;Elasticity;;2
Which of the following should be used to improve the security of access to the AWS Management Console? (Select TWO.) ;Strong password policies;AWS Secrets Manager;AWS Certi���cate Manager;AWS Multi-Factor Authentication (AWS MFA);Security group rules;4
What is the function of Amazon EC2 Auto Scaling? ;Scales the size of EC2 instances up or down automatically  based on demand.;Scales the number of EC2 instances in or out automatically  based on demand.;Automatically modifies the network throughput of EC2 instances based on demand;Automatically updates the EC2 pricing model based on demand.;;2
Which AWS service can be used to run Docker containers? ;AWS Lambda;Amazon AMI;Amazon ECR;Amazon ECS;;4
A company needs an AWS service that can continuously monitor the company's AWS account. If there are any changes to the architecture  members of the team must be contacted. Which service will meet these requirements?;AWS Trusted Advisor;AWS Config;Amazon GuardDuty;Amazon Macie;;2
How can an organization gain access to compliance reports natively through the AWS console? ;AWS Identity and Access Management (IAM);AWS Certificate Manager (ACM);AWS Security Hub;AWS Artifact;;4
Which AWS service should a Cloud Practitioner use to establish a secure network connection between an on-premises network and AWS? ;AWS Mobile Hub;Amazon Virtual Private Cloud (VPC);AWS Web Application Firewall (WAF);Virtual Private Network;;4
Which AWS dashboard displays relevant and timely information to help users manage events in progress  and provides proactive notifications to help plan for scheduled activities?;AWS Service Health Dashboard;AWS Trusted Advisor dashboard;Amazon CloudWatch dashboard;AWS Personal Health Dashboard;;4
A cloud practitioner needs to migrate a 70 TB of data from an on-premises data center into the AWS Cloud. The company has a slow and unreliable internet connection. Which AWS service can the cloud practitioner leverage to transfer the data?;AWS Storage Gateway;Amazon S3 Glacier;AWS Snowball;AWS DataSync;;3
What can a Cloud Practitioner use the AWS Total Cost of Ownership (TCO) Calculator for? ;Generate reports that break down AWS Cloud compute costs by duration resource or tags;Estimate savings when comparing the AWS Cloud to an on-premises environment;Enable billing alerts to monitor actual AWS costs compared to estimated costs;Estimate a monthly bill for the AWS Cloud resources that will be used;;2
A Cloud Practitioner wants to configure the AWS CLI for programmatic access to AWS services. Which credential components are required? (Select TWO.) ;A public key;A secret access key;An access key ID;A private key;An IAM Role;2 3
Which AWS service can be used to perform data extract  transform and load (ETL) operations so you can prepare data for analytics?;Amazon Athena;Amazon QuickSight;Amazon S3 Select;AWS Glue;;4
Which of the following best describes an Availability Zone in the AWS Cloud? ;A subnet for deploying resources into;A completely isolated geographic location;One or more physical data centers;One or more edge locations based around the world;;3
A user has limited knowledge of AWS services  but wants to quickly deploy a scalable Node.js application in an Amazon VPC. Which service should be used to deploy the application?;AWS Elastic Beanstalk;AWS CloudFormation;Amazon LightSail;Amazon EC2;;1
Which technology can automatically adjust compute capacity as demand for an application increases or decreases? ;High availability;Fault tolerance;Load balancing;Auto Scaling;;4
Amazon S3 is typically used for which of the following use cases? (Select TWO.) ;Install an operating system;Message queue;In-memory data cache;Media hosting;Host a static website;4 5
Which AWS service does AWS Snowball Edge natively support? ;AWS Trusted Advisor;AWS Server Migration Service (AWS SMS);AWS Database Migration Service (AWS DMS);Amazon EC2;;4
Which of the following is an advantage for a company running workloads in the AWS Cloud vs on-premises? (Select TWO.) ;Increased productivity for application development teams.;Less staff time is required to launch new workloads.;Lower overall utilization of server and storage systems.;Higher acquisition costs to support elastic workloads.;Increased time to market for new application features.;1 2
Which AWS hybrid storage service enables a user�??s on-premises applications to seamlessly use AWS Cloud storage? ;AWS Direct Connec;AWS Backup;AWS Storage Gateway;Amazon Connect;;3
Which of the statements below is correct in relation to Consolidated Billing? (Select TWO.) ;You receive one bill per AWS account;You receive a single bill for multiple accounts;You pay a fee per linked account;You are charged a fee per user;You can combine usage and share volume pricing discounts;2 5
Which AWS service is a fully-managed source control service that hosts secure Git-based repositories? ;AWS CodeCommit;AWS CodeBuild;AWS CodePipeline;AWS CodeDeploy;;1
Which on-premises costs must be included in a Total Cost of Ownership (TCO) calculation when comparing against the AWS Cloud? (Select TWO.) ;Physical compute hardware;Operating system administration;Database schema development;Project management services;Network infrastructure in the data center;1 5
A company needs to use third-party software for its workload on AWS. Is there a feature or service of AWS that the company can use to purchase the software?;AWS Resource Access Manager;AWS License Manage;AWS Managed Services;AWS Marketplace;;4
Which AWS service helps customers meet corporate  contractual and regulatory compliance requirements for data security by using dedicated hardware appliances within the AWS Cloud?;AWS Directory Service;AWS Key Management Service (AWS KMS);AWS Secrets Manager;AWS CloudHSM;;4
How should an organization deploy an application running on multiple EC2 instances to ensure that a power failure does not cause an application outage? ;Launch the EC2 instances into different VPCs;Launch the EC2 instances in separate regions;Launch the EC2 instances into different Availability Zones;Launch the EC2 instances into Edge Locations;;3
Which benefits can a company immediately realize using the AWS Cloud? (Select TWO.) ;Increased agility;User control of physical infrastructure;No responsibility for security;Capital expenses are replaced with variable expenses;Variable expenses are replaced with capital expenses;1 4
According to the AWS shared responsibility model  which task is the customer's responsibility?;Updating the guest operating system on Amazon EC2 instances.;Updating the operating system of AWS Lambda instances.;Maintaining the infrastructure needed to run Amazon DynamoDB.;Maintaining Amazon API Gateway infrastructure.;;1
A company plan to move the application development to AWS. Which benefits can they achieve when developing and running applications in the AWS Cloud compared to on-premises? (Select TWO.) ;AWS automatically replicates all data globally.;AWS takes care of application security patching.;AWS can accommodate large changes in application demand.;AWS will fully manage the entire application.;AWS makes it easy to implement high availability.;3 5
Which AWS services offer compute capabilities? (Select TWO.) ;Amazon EFS;Amazon ECS;Amazon DynamoDB;AWS Lambda;Amazon CloudHSM;2 4
Which of the following can be used to identify a specific user who terminated an Amazon RDS DB instance? ;AWS CloudTrail;Amazon Inspector;AWS Trusted Advisor;Amazon CloudWatch;;1
Which AWS service or feature allows a company to receive a single monthly AWS bill when using multiple AWS accounts? ;Consolidated billing;AWS Cost Explorer;Amazon Cloud Directory;AWS Cost and Usage report;;1
Which AWS service can be used to load data from Amazon S3  transform it and move it to another destination?;Amazon RedShift;Amazon EMR;Amazon Kinesis;AWS Glue;;4
Which AWS service can act as a hybrid storage solution to connect on-premises workloads with the AWS cloud? ;AWS Direct Connect;AWS Storage Gateway;AWS Backup;Amazon Connect;;2
An application has highly dynamic usage patterns. Which characteristics of the AWS Cloud make it cost-effective for this type of workload? (Select TWO.) ;Reliability;Elasticity;Pay-as-you-go pricing;High availability;Strict security;2 3
A company is migrating virtual machines (VMs) from their data center to the AWS Cloud. The company plans to deploy these migrated machines on Amazon EC2. Which cloud computing model will the company use for this operation?;Software as a Service (SaaS);Function as a Service (FaaS);Platform as a Service (PaaS);Infrastructure as a Service (IaaS);;4
Which of the following AWS features or services can be used to provide root storage volumes for Amazon EC2 instances?;Amazon Simple Storage Service (S3);Amazon Machine Image;Amazon Elastic Block Store (EBS); Amazon Elastic File System (EFS);;1 2
Which service allows an organization to view operational data from multiple AWS services through a unified user interface and automate operational tasks?;Amazon CloudWatch;AWS Systems Manager;AWS Config;AWS OpsWorks;;2
A company has many different business units all using the same AWS services to manage their different applications. Which AWS service or tool can the company use to receive volume discounts across multiple AWS accounts?;AWS Cost and Usage Report;Cost Explorer;AWS Organizations;AWS Budgets;;3
Which IAM entity is associated with an access key ID and secret access key?;IAM Group;IAM Role;IAM User;IAM Policy;;3
Are there any AWS services or features that will identify and search for externally shared AWS resources?;Amazon OpenSearch Service (Amazon Elasticsearch Service).;AWS IAM Access Analyzer.;AWS Fargate.;AWS Control Tower.;;2
To gain greater discounts which services can be reserved? (Select TWO.);Amazon S3;AWS Lambda;Amazon DynamoDB;Amazon RedShift;Amazon CloudWatch;3 4
A company has a website that delivers static content from an Amazon S3 bucket to users from around the world. Which AWS service will deliver the content with low latency?;AWS Lambda;AWS Elastic Beanstalk;Amazon CloudFront;AWS Global Accelerator;;3
Which of the following are advantages of the AWS Cloud? (Select TWO.);Trade variable expenses for capital expenses.;Launch globally in minutes.;High economies of scale.;Focus on managing hardware infrastructure.;Overprovision to ensure capacity.;2 3
Which of the following are advantages of the AWS Cloud? (Select TWO.);Expenses never change from month to month.;Users do not need to deploy applications globally.;Users can stop guessing about resource capacity.;AWS manages all the security within the cloud.;Users can stop spending money on the maintenance of data centers.;3 5
How does the AWS global infrastructure offer high availability and fault tolerance to customers?;The AWS infrastructure consists of subnets containing various Availability Zones with multiple data centers located in the same geographic location.;The AWS infrastructure is made up of multiple AWS Regions within various Availability Zones located in areas that have low flood risk and are interconnected with low-latency networks and redundant power supplies.;The AWS infrastructure consists of isolated AWS Regions with independent Availability Zones that are connected with low-latency networking and redundant power supplies.;AWS allows users to choose AWS Regions and data centers so that users can select the closest data centers in different Regions.;;3
Which AWS service can be used to track the activity of users on AWS?;AWS Directory Service;Amazon Inspector;AWS CloudTrail;Amazon CloudWatch;;3
Which service can be used to easily create multiple accounts?;Amazon Connect;AWS IAM;AWS CloudFormation;AWS Organizations;;4
Which AWS service or feature can be used to capture information about inbound and outbound IP traffic on network interfaces in a VPC?;AWS CloudTrail;VPC Flow Logs;Internet gateway;VPC Endpoint;;2
Which IAM entity can be used for assigning permissions to AWS services?;IAM Access Key ID and Secret Access Key;Security Token Service (STS);IAM Role;IAM Policy;;3
How can a user block a suspicious IP address from connecting to an Amazon EC2 instance?;Block the IP on the inbound rule of a network ACL.;Block the IP on the outbound rule of a security group and network ACL.;Block the IP on the outbound rule of a security group.;Block the IP on the inbound rule of a security group and network ACL.;;1
A company requires a single service which can manage their backup and restore requirements their data lakes and archives all in one place. Which AWS service is suitable for all these use cases?;Amazon Simple Storage Service (Amazon S3).;Amazon FSx for Lustre.;Amazon Elastic File System (Amazon EFS).;Amazon Elastic Block Store (Amazon EBS);;1
Which service can be used to cost-effectively move exabytes of data into AWS?;AWS Snowball;S3 Transfer Acceleration;AWS Snowmobile;S3 Cross-Region Replication (CRR);;3
What is a benefit of moving an on-premises database to Amazon Relational Database Service (RDS)?;You can scale vertically without downtime;There is no need to manage operating systems;There is no database administration required;You can run any database engine;;2
Which authentication method is used to authenticate programmatic calls to AWS services?;Key pair;Access keys;Server certificate;Console password;;2
AWS Direct Connect is used by a company that wants to establish connectivity across multiple AWS Regions using VPCs.Which AWS service or feature should the company use to meet these requirements?;AWS PrivateLink;AWS Transit Gateway;Amazon Connect;Amazon Route 53;;2
A company has a mission critical Linux-based application. The application must run every Monday from 6 AM until 10pm. As the application is critical it cannot be interrupted.Which Amazon EC2 instance purchasing option meets these requirements MOST cost-effectively?;On-Demand Capacity Reservation with Savings Plan;Spot Instances;Dedicated Hosts;Regional Reserved Instances;;1
Which of the below is an example of an architectural benefit of moving to the cloud?;Elasticity;Proprietary hardware;Monolithic services;Vertical scalability;;1
After an organization has migrated several servers into AWS  they are unsure as to what they must directly manage themselves.Which cost is the company's direct responsibility?;Cost of physical security for the AWS data center.;Cost of power for the AWS servers.;Cost of the hardware infrastructure on AWS.;Cost of application software licenses.;;4
Which AWS service or VPC component allows inbound traffic from the internet to access a VPC?;Virtual Private Gateway;Internet gateway;VPC Route Table;NAT Gateway;;2
What are the benefits of using reserved instances? (Select TWO.);Uses dedicated hardware;High availability;More flexibility;Reduced cost;Reserve capacity;4 5
A user needs a quick way to determine if any Amazon EC2 instances have ports that allow unrestricted access. Which AWS service will support this requirement?;AWS CloudWatch Logs;AWS Shield;AWS Trusted Advisor;VPC Flow Logs;;3
Under the AWS shared responsibility model which actions are the responsibility of AWS? (Select TWO.);Enabling encryption on an Amazon S3 bucket.;Encrypting traffic on the AWS backbone between global and regional AWS facilities.;Scanning AWS service endpoints for vulnerabilities.;Enforcing application access restrictions.;Configuring security group rules.;2 3
What are the benefits of using Amazon Rekognition with image files?;Can be used to resize images;Can be used to transcode audio;Can help with image compression;Can be used to identify objects in an image; ;4
AWS Global Infrastructure consists of which of the following components?;AWS Organizations;AWS Regions;Amazon Alexa;Amazon LightSail;;2
How can an organization track resource inventory and configuration history for the purpose of security and regulatory compliance?;Implement Amazon GuardDuty;Create an Amazon CloudTrail trail;Run a report with AWS Artifact;Configure AWS Config with the resource types;;4
Your CTO wants to move to cloud. What cost advantages are there to moving to cloud?;You provision only what you need and adjust to peak load;You don�??t need to pay for application licensing;You get free data transfer into and out of the cloud;You can reduce your marketing costs;;1
Which AWS tools can be used for automation? (Select TWO.);AWS CloudFormation;Elastic Load Balancing;AWS Lambda;AWS Elastic Beanstalk;Amazon Elastic File System (EFS);1 4
How does Amazon CloudFront deliver content to end users with low latency using the AWS global infrastructure?;AWS Direct Connect connections;Availability Zones;Edge locations;AWS Regions;;3
A company needs to invoke an AWS Step Functions workflow each time an Amazon EC2 instance state changes. Which AWS service can the company use to meet this requirement?;Amazon Connect;Amazon EventBridge;AWS Fargate;Amazon SageMaker;;2
How does Amazon EC2 Auto Scaling help with resiliency?;By automating the failover of applications;By launching and terminating instances as needed;By changing instance types to increase capacity;By distributing connections to EC2 instances;;2
Which AWS service or feature can be used to restrict the individual API actions that users and roles in each member account can access?;AWS Shield;Amazon Macie;AWS IAM;AWS Organizations;;4
Under the AWS shared responsibility model which of the following is an example of customer responsibility in the AWS Cloud?;;Firewall con���guration;Managing edge locations;Physical security;Global infrastructure;1
Which of the following is an advantage of AWS Cloud computing?;Trade elasticity for performance.;Trade security for elasticity.;Trade fixed expenses for variable expenses.;Trade operational excellence for agility.;;3
A manager is planning to migrate applications to the AWS Cloud and needs to obtain AWS compliance reports.How can these reports be generated?;Download the reports from AWS Secrets Manager.;Create a support ticket with AWS Support.;Contact the AWS Compliance team.;Download the reports from AWS Artifact.; ;4
A security operations engineer needs to implement threat detection and monitoring for malicious or unauthorized behavior. Which service should be used?;Amazon GuardDuty;AWS CloudHSM;AWS Shield;AWS KMS;;1
Which AWS services are associated with Edge Locations? (Select TWO.);AWS Direct Connect;AWS Config;Amazon EBS;AWS Shield;Amazon CloudFront;4 5
An organization moves a workload to Amazon EC2 instances on AWS. Cost-effectiveness is the key to running the workload properly in the Cloud.What can the company do to meet this requirement?;Use multiple AWS accounts and consolidated billing.;Use AWS Key Management Service (AWS KMS).;Use AWS CloudFormation to deploy the infrastructure.;Rightsize all the EC2 instances that are used in the deployment;;4
An Amazon EC2 instance running the Amazon Linux 2 AMI is billed in what increment?;Per CPU;Per hour;Per GB;Per second;;4
A company has been using an AWS managed IAM policy for granting permissions to users but needs to add some permissions.How can this be achieved?;Create a Service Control Policy.;Edit the AWS managed policy.;Create a custom IAM policy.;Create a rule in AWS WAF.;;3
What technology enables compute capacity to adjust as loads change?;Load balancing;Auto Scaling;Automatic failover;Round robin;;2
How can a company separate costs for storage Amazon EC2 Amazon S3 and other AWS services by department?;Use AWS Organizations;Add department-speci���c tags to each resource;Create a separate AWS account for each department;Create a separate VPC for each department;;2
An ecommerce company is using Auto Scaling groups to manage a group of web servers running on Amazon EC2 and are additionally placed behind an Elastic Load balancer.This architecture follows which AWS Well-Architected Framework best practice?;Decouple infrastructure components;Secure the workload;Think parallel;Design for failure;;4
A company plans to connect their on-premises data center to the AWS Cloud and requires consistent bandwidth and performance.Which AWS service should the company choose?;AWS VPN;AWS Direct Connect;Amazon CloudFront;Amazon Connect;;2
What AWS service decouples application components so that they can run independently?;AWS Glue;Amazon Simple Queue Service (Amazon SQS);Amazon Simple Workflow Service (Amazon SWF);Amazon Simple Notification Service (Amazon SNS);;2
Which IAM entity can be used for assigning permissions to multiple users?;IAM User;IAM Role;IAM password policy;IAM Group;;4
A company needs to optimize costs and resource usage through monitoring of operational health for all resources running on AWS.;Which AWS service will meet these requirements?;AWS Control Tower;Amazon CloudWatch;AWS CloudTrail;AWS Config;2
What is a specific benefit of an Enterprise Support plan?;Included Technical Support Manager;Included Technical Account Manager;Included AWS Solutions Architect;Included Cloud Support Associate;;2
An architecture's ability to withstand failures with minimal downtime demonstrates which AWS Cloud benefit?;Elasticity;Scalability;High availability;Agility;;3
A new web application is being developed by a company. Logging into the application through a social identity provider is a must have requirement for the company.Which AWS service will meet these requirements?;;AWS Identity and Access Management (IAM).;AWS Single Sign-On.;AWS Directory Service;Amazon Cognito.;4
It is important for users to have access to as many resources as they need. Also the user needs the ability to scale up and down quickly.These capabilities are described by which AWS Cloud benefit?;Elasticity;Pay-as-you-go pricing;Reliability;Economy of scale;;1
Which AWS services can be used as infrastructure automation tools? (Select TWO.);AWS Batch;Amazon CloudFront;AWS CloudFormation;Amazon QuickSight;AWS OpsWorks;3 5
Which Amazon EC2 pricing model is the most cost-effective for an always-up right-sized database server running a project that will last 1 year?;Convertible Reserved Instances;On-Demand Instances;Standard Reserved Instances;Spot Instances;;3
An organization recently migrated to AWS and wants to enable intelligent threat protection and continuous monitoring across all its accounts.Which AWS service should the company use to achieve this goal?;AWS Shield;Amazon Detective;Amazon Macie;Amazon GuardDuty;;4
An IT company has deployed its infrastructure on the AWS cloud. There must be a database that supports reads with a latency of under a millisecond for critical applications.Which AWS service will meet this requirement?;Amazon RDS;Amazon ElastiCache;AWS Glue;Amazon EMR;;2
An organization is considering implementing a new workload in the AWS Cloud. However the company first wants to forecast costs.Which tool should the company use to estimate the cost of the workload?;AWS Pricing Calculator.;Cost Explorer.;AWS Cost and Usage Report.;AWS Billing and Cost Management dashboard.;;1
A company has 50 different business units and requires that each business unit's billing information is viewed separately.What should a cloud practitioner recommend?;Use a different VPC for each business unit then filter by unit using an AWS Cost and Usage Report.;Tag each business unit's resources then filter by unit in Cost Explorer.;Place each business unit in a different AWS Region then filter by unit in Cost Explorer.;Use separate AWS accounts for each business unit then filter by unit using the coverage report.;;2
Which AWS Support plan provides access to architectural and operational reviews as well as 24/7 access to Cloud Support Engineers through email online chat and phone?;Developer;Basic;Business;Enterprise; ;4
Which AWS service provides on-demand downloads of AWS security and compliance reports?;AWS Trusted Advisor;Amazon Inspector;AWS Directory Service;AWS Artifact; ;4
Which pillar of the AWS Well-Architected Framework includes the design principle of defining workloads applications and infrastructure as code (IaC)?;Security;Reliability;Operational excellence;Performance efficiency;;3
A company currently uses a Security Assertion Markup Language (SAML) based application to log in to third-party business applications and would like to have this hosted in AWS using managed services.Which AWS service will meet this requirement?;AWS Single Sign-On.;Amazon Cognito.;AWS CLI.;AWS Identity and Access Management (IAM).;;2
You have been running an on-demand Amazon EC2 instance running Linux for 4hrs 5 minutes and 6 seconds. How much time will you be billed for?;4hrs 5mins and 6 seconds;5hrs;4hrs 6mins;4hrs;;1
In which AWS service can a company collect data about the configuration usage and behavior of its on-premises data centers to assist in planning a migration to AWS?;AWS Systems Manager;AWS Application Discovery Service;AWS Service Catalog;AWS Resource Groups;;2
Which service can be used to improve performance for users around the world?;Amazon CloudFront;Amazon Connect;AWS LightSail;Amazon ElastiCache; ;1
Which AWS service uses a highly secure hardware storage device to store encryption keys?;AWS CloudHSM;AWS IAM;Amazon Cloud Directory;AWS WAF; ;1
Which AWS service should be used to create a billing alarm?;Amazon CloudWatch;AWS Trusted Advisor;AWS CloudTrail;Amazon QuickSight; ;1
Which AWS services are delivered globally rather than regionally? (Select TWO.);Amazon RDS;Amazon Route 53;Amazon VPC;Amazon CloudFront;Amazon EC2;2 4
Which service can be added to a database to provide improved performance for some requests?;Amazon RDS;Amazon RedShift;Amazon EFS;Amazon ElastiCache; ;4
Which of the following can be assigned to an IAM user? (Select TWO.);A password for logging into Linux;An SSL/TLS certificate;A password for access to the management console;An access key ID and secret access key;A key pair;3 4
An organization has an on-premises cloud and accesses their AWS Cloud over the Internet. How can they create a private hybrid cloud connection that avoids the internet?;AWS Managed VPN;AWS VPN CloudHub;AWS VPC Endpoint;AWS Direct Connect; ;4
Which of the following are advantages of the AWS Cloud? (Select TWO.) AWS manages the security of applications built on AWS;AWS manages cost planning for virtual servers;AWS manages capacity planning for physical servers;AWS manages the development of applications on AWS;AWS manages the maintenance of the cloud infrastructure;;3 5
What is the benefit of using fully managed services compared to deploying 3rd party software on EC2?;Improved security;Reduced operational overhead;You have greater control and flexibility;You don't need to back-up your data; ;2
Which of the following need to be included in a total cost of ownership (TCO) analysis? (Select TWO.);IT Manager salary;Application development;Company wide marketing;Facility equipment installation;Data center security costs;4 5
A system administrator discovers that several Amazon EC2 instances have been terminated. It is the responsibility of the system administrator to identify the user or AWS API call that terminated these instances. ;AWS CloudTrail;AWS Trusted Advisor;Amazon Detective;Amazon Inspector; ;1
An organization is migrating its application from on-premises SQL Server to AWS. As part of the migration the company wants to reduce operational overhead but lacks the resources to refactor the application.Which database service would MOST effectively support these requirements?;Amazon Redshift;Amazon RDS for SQL Server;Amazon DynamoDB;Microsoft SQL Server on Amazon EC2;;2
Which tool can be used to create alerts when the actual or forecasted cost of AWS services exceed a certain threshold?;AWS CloudTrail;AWS Cost Explorer;AWS Budgets;AWS Cost and Usage report;;3
An IT company requires a private encrypted channel of communication between its on-premises data center and a VPC in the AWS Cloud.Which AWS service or feature meets this requirement?;VPC endpoints;AWS PrivateLink; ;AWS Global Accelerator;AWS Site-to-Site VPN;2
Which service can be used to manage configuration versions?;Amazon Inspector;AWS Config;AWS Artifact;AWS Service Catalog;;2
Which of the following are architectural best practices for the AWS Cloud? (Select TWO.);Deploy into a single availability zone;Design for fault tolerance;Create monolithic architectures;Deploy into multiple Availability Zones;Close coupling;2 4
How does �??elasticity�?� benefit an application design?;By reserving capacity to reduce cost;By automatically scaling resources based on demand;By selecting the correct storage tier for your workload;By reducing interdependencies between application components; ;2
When a company moves an on-premises internet-facing website to the AWS Cloud what benefits does it obtain? (Select TWO.);AWS automatically provides the company with the lowest-cost pricing model.;Website capacity can expand or contract as website traffic changes.;The company can take advantage of the pay-as-you-go pricing model.;Data that is stored in the AWS Cloud is automatically encrypted.;The website shows up with higher priority in internet search engines.;3
What is the main benefit of the principle of ''loose coupling''?;Automate the deployment of infrastructure using code;Reduce interdependencies so a failure in one component does not cascade to other components; ;Reduce operational complexity;Enables applications to scale automatically based on current demand;2
There is a need to perform queries and to search and analyze logs interactively within an organization. Which AWS service or feature will meet this requirement?;Amazon CloudWatch Logs Insights.;Amazon CloudWatch anomaly detection.;Amazon EventBridge (Amazon CloudWatch Events).; ;Amazon CloudWatch Logs streams.;1
How can I deploy AWS Cloud infrastructure to multiple AWS Regions quickly automatically and reliably?;Use AWS Systems Manager to automate management tasks such as creating Amazon EC2 Amazon Machine Images (AMIs) and applying patches.;Use AWS CodeStar to set up a continuous delivery toolchain for automated deployment.;Create and use an AWS CloudFormation template.;Create and launch an Amazon EC2 Amazon Machine Image (AMI) containing the source code with built-in deployment hooks to launch other AWS services.; ;3
An organization has multiple AWS accounts and uses a mixture of on-demand and reserved instances. One account has a considerable amount of unused reserved instances. How can the organization reduce their costs? (Select TWO.);Setup consolidated billing between the accounts;Use Spot instances instead;Create an AWS Organization configuration linking the accounts;Switch to using placement groups;Redeem their reserved instances;1 3
What is the most cost-effective Amazon S3 storage tier for data that is not often accessed but requires high availability? ;Amazon S3 Standard;Amazon Glacier;Amazon S3 One Zone-IA;Amazon S3 Standard-IA; ;4
Which statement is true in relation to data stored within an AWS Region? ;Data is always replicated to another region;Data is always automatically replicated to at least one other availability zone;Data is automatically archived after 90 days;Data is not replicated outside of a region unless you configure it;;4
Which statement is correct in relation to the AWS Shared Responsibility Model?;AWS are responsible for the security of regions and availability zones;Customers are responsible for security of the cloud;Customers are responsible for patching storage systems;AWS are responsible for encrypting customer data;;1
Which of the following is an architectural best practice recommended by AWS? ;Think servers not services;Use manual operational processes;Design for success;Design for failure; ;4
What are two components of Amazon S3? (Select TWO.);Directories;Objects;Block devices;File systems;Buckets;2 5
Which of the following is a benefit of moving to the AWS Cloud?;Capital purchases;Pay for what you use;Outsource all IT operations;Long term commitments; ;2
Which actions are the responsibility of AWS according to the AWS shared responsibility model? (Select TWO.);Configuring security groups and network ACLs;Patching the operating system on Amazon EC2 instances;Patching the operating system on Amazon RDS instances;Securing the virtualization layer;Enforcing a strict password policy for IAM users;3 4
Which storage type can be mounted using the NFS protocol to many EC2 instances simultaneously?;Amazon EFS;Amazon S3;Amazon Instance Store;Amazon EBS;;1
Which AWS service lets you add user sign up sign-in and access control to web and mobile apps?;AWS Artifact;AWS CloudHSM;AWS Directory Service;Amazon Cognito;;4
How can consolidated billing within AWS Organizations help lower overall monthly expenses?;By providing a consolidated view of monthly billing across multiple accounts;By pooling usage across multiple accounts to achieve a pricing tier discount;By automating the creation of new accounts through APls;By leveraging service control policies (SCP) for centralized service management; ;2
It is necessary for a company to have access to scalable highly reliable and fully managed file storage that runs on the Server Message Block (SMB) protocol.Which AWS service will meet these requirements?;Amazon Elastic File System (Amazon EFS).;Amazon Elastic Block Store (Amazon EBS);Amazon FSx for Windows File Server.;Amazon S3;;3
Remote employees need access to managed Windows virtual desktops and applications over secure networks.Which AWS services can the company use to meet these requirements? (Select TWO.);Amazon Elastic Container Service (Amazon ECS);AWS Site-to-Site VPN;Amazon Workspaces;Amazon AppStream 2;Amazon Connect;1 2
Which type of AWS Storage Gateway can be used to backup data with popular backup software? ;Gateway Virtual Tape Library;Volume Gateway;Backup Gateway;File Gateway;;1
In AWS IAM what are the characteristics of users and groups? (Select TWO.) ;Groups can contain users only and cannot be nested.;A user can only be a member of a single group at one time.;A user can be a member of multiple groups.;All new users are automatically added to a default group.;Groups can be nested and can contain other groups.;1 3
A company wants to push VPC flow logs to Amazon S3 What action is the company responsible for under the Shared Responsibility Model?;Managing the encryption options on the S3 bucket.;Managing the data in transit.;Managing the infrastructure that runs the S3 bucket.;Managing the operating system updates on the S3 bucket.;;1
The ability to horizontally scale Amazon EC2 instances based on demand is an example of which concept?;Economy of scale;Agility;Elasticity;High availability;;3
Which feature of AWS IAM enables you to identify unnecessary permissions that have been assigned to users?;Permissions Advisor;Access Advisor;Group Advisor;Role Advisor;;2
As part of its cloud architecture a company wants its workloads to be resilient perform correctly consistently and recover from errors in a timely manner.Which pillar of the AWS Well-Architected Framework are these requirements related to?;Operational excellence;Security;Reliability;Performance efficiency;;3
Which service can be used to assign a policy to a group? ;AWS IAM;AWS Shield;AWSn STS;Amazon Cognito; ;1
A user has an AWS account with a Business-level AWS Support plan and needs assistance with handling a production service disruption.Which action should the user take?;Contact the dedicated AWS Concierge Support team;Open a business-critical system down support case; ;Open a production system down support case;Contact the dedicated Technical Account Manager;3
Which team is available to support AWS customers on an Enterprise support plan with account issues? ;AWS Billing and Accounts;AWS Technical Account Manager;AWS Concierge;AWS Technical Support;;3
The AWS shared responsibility model is included in which pillar of the AWS Well-Architected Framework?;Security;Performance efficiency;Reliability;Operational excellence;;1
An organization is migrating to AWS Cloud. During the migration the company needs consulting and guidance on its applications. Upon completion of the migration the company requires a response within 30 minutes in the event of a business-critical system failure. Which AWS Support plans meet these requirements? (Select TWO.);AWS Enterprise On-Ramp Support;AWS Enterprise Support;AWS Developer Support;AWS Business Support;AWS Basic Support;1
AWS Business Support customers have access to which of the following?;AWS Support concierge;AWS technical account manager (TAM);AWS Health API;AWS DDoS Response Team (DRT);;3
Which Amazon EC2 pricing model should be used to comply with per-core software license requirements?;Spot Instances;Reserved Instances;Dedicated Hosts;On-Demand Instances;;3
When performing a total cost of ownership (TCO) analysis between on-premises and the AWS Cloud which factors are only relevant to on-premises deployments? (Select TWO.);Database administration;Facility operations costs;Hardware procurement teams;Operating system licensing;Application licensing;3
When an Amazon EC2 instance is stopped which of the following AWS services can be used to identify the user who stopped it?;VPC Flow Logs;Amazon Inspector;Amazon CloudWatch;AWS CloudTrail;;4
Which of the following security related activities are AWS customers responsible for? (Select TWO.);Installing patches on network devices;Implementing data center access controls;Installing patches on Windows operating systems;Secure disposal of faulty disk drives;Implementing IAM password policies;3 5
The AWS acceptable use policy for penetration testing allows?;Customers to carry out security assessments or penetration tests against their AWS infrastructure after obtaining authorization from AWS;Authorized security assessors to perform penetration tests against any AWS customer without authorization;AWS to perform penetration testing against customer resources without notification;Customers to carry out security assessments or penetration tests against their AWS infrastructure without prior approval for selected services;;4
What fully managed AWS service allows users to bring their own machine learning algorithms?;Amazon Forecast;Amazon SageMaker;AWS Artifact;AWS Data Pipeline;;2
Which AWS service provides a quick and automated way to create and manage AWS accounts?;AWS QuickSight;AWS Organizations;Amazon Connect;Amazon LightSail;Amazon LightSail;2
A company is considering migrating from on-premises to the AWS Cloud. In order to handle the workload efficiently the IT team needs to offload this heavy lifting as much as possible.What should the IT team do to accomplish this goal?;Use AWS Managed Services to provision run and support the company infrastructure.;Use Amazon Elastic Container Service (Amazon ECS) on Amazon EC2 instances.;Overprovision compute capacity for seasonal events and traffic spikes to prevent downtime.;Build hardware refreshes into the operational calendar to ensure availability.;;1
Which of the below are components that can be configured in the VPC section of the AWS management console? (Select TWO.) ;EBS volumes;Endpoints;Elastic Load Balancer;Subnet;DNS records;2 4
In order to perform analytical tasks a company needs a data warehouse. Standard SQL queries must be supported by the data warehouse.Which AWS service meets these requirements?;Amazon Athena;Amazon RDS;Amazon EMR;Amazon Redshift;;4
When storing passwords on AWS what is the MOST secure method?;Store passwords as AWS CloudFormation parameters.;Store passwords in AWS Storage Gateway.;Store passwords in AWS Secrets Manager.;Store passwords in an Amazon S3 bucket.;;2
What does an organization need to do to move to another AWS region?;Submit an application to extend their account to the additional region;Create a separate IAM account for that region;Apply for another AWS account in that region;Just start deploying resources in the additional region;;3
A company needs significant cost savings for their non-interruptible workloads on AWS.Which EC2 instance pricing model should the company select?;Reserved Instances;Spot Instances;On-Demand Instances;Dedicated Hosts;;1
Which AWS service monitors AWS accounts continuously for malicious activity and unauthorized behavior?;AWS Config;Amazon GuardDuty;Amazon Inspector;Amazon Macie;;2
Which services can be used for asynchronous integration between application components? (Select TWO.);AWS Route 53;Amazon SQS;AWS CloudFormation;Amazon Step Functions;Amazon EC2 Auto Scaling;2 4
Which AWS service enables hybrid cloud storage between on-premises and the AWS Cloud?;AWS Storage Gateway;Amazon CloudFront;Amazon Elastic File System (EFS);Amazon S3 Cross Region Replication (CRR);;1
What does an organization need to do in Amazon IAM to enable user access to services being launched in new region?;Update the user accounts to allow access from another region;Enable global mode in IAM to provision the required access;Create new user accounts in the new region;Nothing; IAM is global;4
What AWS service offers managed DDoS protection?;Amazon Inspector;AWS Firewall Manager;Amazon GuardDuty;AWS Shield;;4
What offerings are included in the Amazon LightSail product set? (Select TWO.);Managed MySQL database;NoSQL database;Virtual Private Server;Serverless functions;File storage;1 3
Which of the following must be used together to gain programmatic access to an AWS account? (Select TWO.);A user ID;A primary key;A secondary key;An access key ID;A secret access key;4 5
Which of the following are advantages of using the AWS cloud computing over legacy IT? (Select TWO.);You are able to pass responsibility for the availability of your application to AWS;You can bring services closer to your end users;You can bring new applications to market faster;You don't need to patch your operating systems;You don't need to worry about over provisioning as you can elastically scale;3 5
Which AWS service can assist with providing recommended actions on cost optimization?;AWS Inspector;AWS Artifact;Amazon CloudWatch Events;AWS Trusted Advisor;;4
Which service is used introduce fault tolerance into an application architecture?;Amazon DynamoDB;Amazon Elastic Load Balancing;Amazon CloudFront;Amazon ElastiCache;;2
Which service allows an organization to bring their own licensing on host hardware that is physically isolated from other AWS accounts?;EC2 Dedicated Hosts;EC2 Dedicated Instances;EC2 Reserved Instances;EC2 Spot Instances;;1
What information must be entered into the AWS TCO Calculator?;The number of servers in your company;The number of applications in your company;The number of end users in your company;The number of storage systems in your company;;1
Which AWS services form the app-facing services of the AWS serverless infrastructure? (Select TWO.);AWS Lambda;Amazon DynamoDB;AWS Step Functions;Amazon EFS;Amazon API Gateway;1 5
Which tools can you use to manage identities in IAM? (Select TWO.);AWS Command Line Tools;EC2 Management Console;Amazon Workspaces;AWS Management Console;Amazon CloudWatch API;1 4
Which AWS service lets connected devices easily and securely interact with cloud applications and other devices?;Amazon Workspaces;AWS IoT Core;AWS Directory Service;AWS Server Migration Service (SMS);;2
Which AWS service can be used to prepare and load data for analytics using an extract transform and load (ETL) process?;AWS Glue;Amazon Athena;AWS Lambda;Amazon EMR;;1
What are the primary benefits of using AWS Elastic Load Balancing? (Select TWO.);Regional resilience;Automation;Caching;High availability;Elasticity;4 5
Which service can you use to monitor store and access log files generated by EC2 instances and on-premises servers? ;Amazon Kinesis;AWS OpsWorks;AWS CloudTrail;Amazon CloudWatch Logs;;4
How can a company protect their Amazon S3 data from a regional disaster?;Enable Multi-Factor Authentication (MFA) delete;Use Cross-Region Replication (CRR) to copy to another region;Archive to Amazon Glacier;Use lifecycle actions to move to another S3 storage class;;2
Which of the following constitute the six pillars for the AWS Well-Architected Framework? (Select TWO.);Performance efficiency and cost optimization;Cost prioritization and cost optimization;Operational excellence elasticity and scalability;Operational excellence security and reliability;Data consistency and cost optimization;1 4
To reward customers for using their services what are two ways AWS reduce prices? (Select TWO.);Discounts for using a wider variety of services;Reduction in inbound data transfer charges;Volume based discounts when you use more services;Reduced cost for reserved capacity;Removal of termination fees for customers who spend more;3 4
Which AWS program can help an organization to design build and manage their workloads on AWS?;APN Technology Consultants;AWS Business Development Manager;AWS Technical Account Manager;APN Consulting Partners;;4
A company has deployed several relational databases on Amazon RDS. Every month the database software vendor releases new security patches that need to be applied to the database.What is the MOST efficient way to apply the security patches?;Connect to each database instance on a monthly basis and download and apply the necessary security patches from the vendor;Use AWS Systems Manager to automate database patching according to a schedule;In AWS Config configure a rule for the instances and the required patch level;Enable automatic patching for the instances using the Amazon RDS console;;4
A developer needs a way to automatically provision a collection of AWS resources. Which AWS service is primarily used for deploying infrastructure as code?;AWS CloudFormation;AWS CodeDeploy;Jenkins;AWS Elastic Beanstalk;;1
Which of the following would be good reasons to move from on-premises to the AWS Cloud? (Select TWO.);Outsource all security responsibility;Reduce costs through easier right-sizing of workloads;Gain access to free technical support services;Improve agility and elasticity;Gain end-to-end operational management of the entire infrastructure stack;2 4
What is the relationship between subnets and availability zones?;Subnets contain one or more availability zones;You can create one or more subnets within each availability zone;You can create one subnet per availability zone;Subnets span across multiple availability zones;;2
A user deploys an Amazon Aurora database instance in multiple Availability Zones.This strategy involves which pillar of the AWS Well-Architected Framework?;Cost optimization;Reliability;Security;Performance ef���ciency;;2
What are the benefits of using IAM roles for applications that run on EC2 instances? (Select TWO.) ;More secure than storing access keys within applications;Role credentials are permanent;Easier to configure than using storing access keys within the EC2 instance;Can apply multiple roles to a single instance;It is easier to manage IAM roles;1 5
Which services allow you to store files on AWS? (Select TWO.);AWS Lambda;Amazon LightSail;Amazon SQS;Amazon EBS;Amazon EFS;4 5
An Elastic IP Address can be remapped between EC2 instances across which boundaries?;Edge Locations;Regions;DB Subnets;Availability Zones;;4
An application that is deployed across multiple Availability Zones could be described as:;Being secure;Having elasticity;Having global reach;Being highly available;;4
What is an Edge location?;A VPC peering connection endpoint;A content delivery network (CDN) endpoint for CloudFront;A virtual private gateway for VPN;A public endpoint for Amazon S3;;2
Which service runs your application code only when needed without needing to run servers?;Amazon EC2;AWS LightSail;Amazon ECS;AWS Lambda;;4
What is the name of the AWS managed Docker registry service used by the Amazon Elastic Container Service (ECS)?;Docker Container Registry;Elastic Container Registry;ECS Container Registry;Docker Image Repository;;2
A company wants to utilize a pay as you go cloud model for all of their applications without CAPEX costs and which is highly elastic. Which cloud delivery model will suit them best?;Hybrid;Private;On-premise;Public;;4
Which AWS IAM best practice recommends applying the minimum permissions necessary to perform a task when creating IAM policies?;Create individual IAM users;Grant least privilege;Use roles to delegate permissions;Enable MFA for privileged users;;2
Which AWS service enables developers and data scientists to build train and deploy machine learning models?;Amazon Rekognition;Amazon MQ;Amazon SageMaker;Amazon Comprehend;;3
Which AWS components aid in the construction of fault-tolerant applications? (Select TWO.);Block device mappings;Elastic IP addresses;Tags;ARNs;AMIs;2 5
What is the name of the online self-service portal that AWS provides to enable customers to view reports and such as PCI reports and accept agreements?;AWS Documentation Portal;AWS DocuFact;AWS Artifact;AWS Compliance Portal;;3
Which type of Amazon RDS automated backup allows you to restore the database with a granularity of as little as 5 minutes?;Point-in-time recovery;Snapshot backup;Incremental backup;Full backup;;1
A cloud practitioner needs to decrease application latency and increase performance for globally distributed users.Which services can assist? (Select TWO.);Amazon S3;Amazon CloudFront;Amazon ECS;Amazon ElastiCache;Amazon AppStream 2.0;1 2
Which type of storage stores objects comprised of key value pairs?;Amazon EBS;Amazon DynamoDB;Amazon S3;Amazon EFS;;3
Which service provides alerts and remediation guidance when AWS is experiencing events that may impact you?;AWS Health Dashboard;AWS Inspector;AWS Shield;AWS Trusted Advisor;;1
How can you configure Amazon Route 53 to monitor the health and performance of your application?;Using CloudWatch;Using DNS lookups;Using the Route 53 API;Using Route 53 health checks;;4
Which AWS support plan provides email only support by Cloud Support Associates?;Developer;Basic;Business;Enterprise;;1
What are two benefits of using AWS Lambda? (Select TWO.);Flexible operating system choices;Continuous scaling (scale out);No servers to manage;Integrated snapshots;Open source software;1 2
When designing a VPC what is the purpose of an Internet Gateway?;It's used for making VPN connections to a VPC;Provides Internet access for EC2 instances in private subnets;It's a bastion host for inbound management connections;Enables Internet communications for instances in public subnets;;4
Which of the following Amazon EC2 pricing models allows customers to use existing server-bound software licenses?;Dedicated Hosts;On-Demand Instances;Spot Instances;Reserved Instances;;1
Which of the following statements is correct about Amazon S3 cross-region replication? ;Both source and destination S3 buckets must have versioning disabled;S3 buckets con���gured for cross-region replication can be owned by a single AWS account or by different accounts;The source S3 bucket owner must have the source and destination AWS Regions disabled for their account;The source and destination S3 buckets cannot be in different AWS Regions;;2
Which of the below is an example of optimizing for cost?;Deploy resources with AWS CloudFormation;Replace an EC2 compute instance with AWS Lambda;Choosing the fastest EC2 instance to ensure performance;Provision extra capacity to allow for growth;;2
What are two correct statements about AWS Organizations with consolidated billing? (Select TWO.) ;Volume pricing discounts applied across multiple accounts;Multiple bills are provided per organization;CloudTrail can be configured per organization;Linked accounts lose their management independence;One bill provided for multiple accounts;1 5
Which AWS security service provides a firewall at the subnet level within a VPC? ;Network Access Control List;IAM Policy;Security Group;Bucket Policy;;1
What charges are applicable to Amazon S3 Standard storage class? (Select TWO.) ;Data ingress;Minimum capacity charge per object;Data egress;Retrieval fee;Per GB/month storage fee;3 5
How can an online education company ensure their video courses play with minimal latency for their users around the world?;Use Amazon Aurora Global Database;Use Amazon CloudFront to get the content closer to users;Use Amazon EBS Cross Region Replication to get the content close to the users;Use Amazon S3 Transfer Acceleration to speed up downloads;;2
Which AWS service can be used to send automated notifications to HTTP endpoints?;Amazon SWF;Amazon SNS;Amazon SES;Amazon SQS;;2
Which AWS feature of Amazon EC2 allows an administrator to create a standardized image that can be used for launching new instances?;Amazon Block Template;Amazon EBS Mount Point;Amazon Golden Image;Amazon Machine Image;;4
Which service is used for caching data?;AWS Key Management Service (KMS);Amazon Elastic File System (EFS);Amazon DynamoDB DAX;Amazon Simple Queue Service (SQS);;3
What feature of Amazon S3 enables you to set rules to automatically transfer objects between different storage classes at defined time intervals?;Auto Lifecycle Scaling;S3 Archiving;Object Lifecycle Management;Elastic Data Management;;3
Under the AWS Shared Responsibility Model which of the following is the customer NOT responsible for?;Applying encryption to data stored on an EBS volume;Installing firmware updates on host servers;Applying bucket policies to share Amazon S3 data;Adding firewall rules to security groups and network ACLs;;2
Which of the following descriptions is incorrect in relation to the design of Availability Zones?;Each AZ is designed as an independent failure zone;AZs are physically separated within a typical metropolitan region and are located in lower risk flood plains;AZ's have direct low-latency high throughput and redundant network connections between each other;Each subnet in a VPC is mapped to all AZs in the region;;4
With which service can a developer upload code using a ZIP or WAR file and have the service handle the end-to-end deployment of the resources?;AWS Elastic Beanstalk;Amazon ECS;AWS CodeCommit;AWS CodeDeploy;;1
A company needs protection from distributed denial of service (DDoS) attacks on its website and assistance from AWS experts during such events. Which AWS managed service will meet these requirements?;Amazon GuardDuty;AWS Firewall Manager;AWS Web Application Firewall;AWS Shield Advanced;;4
A Cloud Practitioner is developing a disaster recovery plan and intends to replicate data between multiple geographic areas.Which of the following meets these requirements?;Availability Zones;AWS Accounts;Edge locations;AWS Regions;;4
Which AWS service is part of the suite of serverless services and runs code as functions?;Amazon EKS;Amazon ECS;AWS Lambda;AWS CodeCommit;;3
Assuming you have configured them correctly which AWS services can scale automatically without intervention? (Select TWO.);Amazon EBS;Amazon DynamoDB;Amazon S3;Amazon RDS;Amazon EC2;2 3
Which support plan is the lowest cost option that allows unlimited cases to be open?;Developer;Enterprise;Business;Basic;;1
How can a company connect from their on-premises network to VPCs in multiple regions using private connections?;Inter-Region VPC Peering;AWS Managed VPN;Amazon CloudFront;AWS Direct Connect Gateway;;4
Which type of EBS volumes can be encrypted?;Only root volumes can have encryption applied at launch time;Both non-root and root volumes;Only non-root volumes created from snapshots;Non-root volumes only;;2
Which DynamoDB feature provides in-memory acceleration to tables that result in significant performance improvements?;Amazon DynamoDB Accelerator (DAX);Amazon ElastiCache;Amazon EFS;Amazon CloudFront;;1
A Cloud Practitioner needs to rapidly deploy a popular IT solution and start using it immediately.What should the Cloud Practitioner use?;Amazon CloudFront;AWS Elastic Beanstalk;AWS Well-Architected Framework documentation;AWS Quick Start reference deployments;;4
Which AWS database service is schema-less and can be scaled dynamically without incurring downtime?;Amazon RDS;Amazon DynamoDB;Amazon Aurora;Amazon RedShift;;2
Which HTTP code indicates a successful upload of an object to Amazon S3?;400;300;200;500;;3
According to the AWS Shared Responsibility Model which of the following is a shared control?;Client-side data encryption;Operating system patching;Protection of infrastructure;Awareness and training;;4
Which resource should you use to access AWS security and compliance reports?;AWS Business Associate Addendum (BAA);AWS IAM;AWS Artifact;AWS Organizations; ;3
Which service allows you to monitor and troubleshoot systems using system and application log files generated by those systems?;CloudWatch Logs;CloudWatch Metrics;CloudTrail Logs;CloudTrail Metrics; ;1
A company is using the AWS CLI and programmatic access of AWS resources from its on-premises network.What is a mandatory requirement in this scenario?;Using an AWS access key and a secret key;Using an Amazon EC2 key pair;Using an AWS Direct Connect connection;Using Amazon API Gateway;;1
How can a company facilitate the sharing of data over private connections between two accounts they own within a region?;Create a VPC peering connection;Create a subnet peering connection;Configure matching CIDR address ranges;Create an internal ELB;;1
Which AWS technology enables you to group resources that share one or more tags?;Organization groups;Consolidation groups;Resource groups;Tag groups;;3
A Cloud Practitioner is creating the business process workflows associated with an order fulfilment system. Which AWS service can assist with coordinating tasks across distributed application components?;Amazon SNS;AWS STS;Amazon SWF;Amazon SQS; ;3
Which type of scaling does Amazon EC2 Auto Scaling provide? ;Horizontal;Vertical;Linear;Incremental; ;1
Which of the following are examples of horizontal scaling? (Select TWO.);Add more instances as demand increases;Add more CPU/RAM to existing instances as demand increases;Requires a restart to scale up or down;Automatic scaling using services such as AWS Auto Scaling;Scalability is limited by maximum instance size;1 4
You need to connect your companys on-premise network into AWS and would like to establish an AWS managed VPN service. Which of the following configuration items needs to be setup on the Amazon VPC side of the connection?;A Network Address Translation device;A Virtual Private Gateway;A Firewall;A Customer Gateway;;2
Which of the following are NOT features of AWS IAM? (Select TWO.);Logon using local user accounts;Identity federation;Charged for what you use;Shared access to your AWS account;PCI DSS compliance;1 3
What is the name for the top-level container used to hold objects within Amazon S3?;Instance Store;Directory;Bucket;Folder;;3
Which AWS service provides the ability to detect inadvertent data leaks of personally identifiable information (PII) and user credential data?;Amazon Inspector;Amazon Macie;Amazon GuardDuty;AWS Shield;;2
Under the AWS Shared Responsibility Model who is responsible for what? (Select TWO.);Customers are responsible for networking traffic protection;AWS are responsible for networking infrastructure;Customers are responsible for compute infrastructure;AWS are responsible for network and firewall configuration;Customers are responsible for edge locations;1 2
Which AWS service can be used to run Docker containers?;Amazon ECR;AWS Fargate;Amazon RedShift;Amazon AMI;;2
Which of the following is NOT a best practice for protecting the root user of an AWS account?;Dont share the root user credentials;Remove administrative permissions;Lock away the AWS root user access keys;Enable MFA;;2
A web application running on AWS has been received malicious requests from the same set of IP addresses.Which AWS service can help secure the application and block the malicious traffic?;AWS WAF;Amazon GuardDuty;AWS IAM;Amazon SNS;;1
Which of the following are pillars from the six pillars of the AWS Well-Architected Framework? (Select TWO.);Economics;Resilience;Operational excellence;Confidentiality;Sustainability;3 5
Under the shared responsibility model which of the following tasks are the responsibility of the AWS customer? (Select TWO.);Ensuring that users have received security training in the use of AWS services;Ensuring that AWS NTP servers are set to the correct time;Ensuring that hardware is disposed of properly;Ensuring that access to data centers is restricted;Ensuring that application data is encrypted at rest;1 5
What is an example of scaling vertically?; Increasing the instance size with Amazon RDS;Adding read replicas to an Amazon RDS database;AWS Lambda adding concurrently executing functions;AWS Auto Scaling adding more EC2 instances; ;1
What advantages does the AWS cloud provide in relation to cost? (Select TWO.) ;Enterprise licensing discounts;One-off payments for on-demand resources;Fine-grained billing;Itemized power costs;Ability to turn off resources and not pay for them;3 5
How can a database administrator reduce operational overhead for a MySQL database?;Use AWS CloudFormation to manage operations;Migrate the database onto an Amazon RDS instance;Migrate the database onto AWS Lambda;Migrate the database onto an EC2 instance;;2
A startup eCommerce company needs to quickly deliver new website features in an iterative manner minimizing the time to market.Which AWS Cloud feature allows this?;Elasticity;Reliability;High availability;Agility;;4
Which of the statements below does NOT characterize cloud computing?;With cloud computing you get to benefit from massive economies of scale;With cloud computing you can increase your speed and agility;Cloud computing allows you to swap variable expense for capital expense;Cloud computing is the on-demand delivery of compute power;;3
Your manager has asked you to explain the benefits of using IAM groups. Which of the below statements are valid benefits? (Select TWO.);Provide the ability to create custom permission policies;You can restrict access to the subnets in your VPC;Provide the ability to nest groups to create an organizational hierarchy;Enables you to attach IAM permission policies to more than one user at a time;Groups let you specify permissions for multiple users which can make it easier to manage the permissions for those users;4 5
Which type of AWS database is ideally suited to analytics using SQL queries?;Amazon DynamoDB;Amazon RDS;Amazon RedShift;Amazon S3;;3
In which ways does AWSs pricing model benefit organizations?;Focus spend on capital expenditure; rather than operational expenditure;Reduces the people cost of application development;Eliminates licensing costs;Reduce the cost of maintaining idle resources;4
What do you need to log into the AWS console?;Certificate;User name and password;Key pair;Access key and secret ID; ;2
What type of cloud computing service type do AWS Elastic Beanstalk and Amazon RDS correspond to?   ;SaaS;Hybrid;IaaS;PaaS;;4
Which AWS service makes it easy to coordinate the components of distributed applications as a series of steps in a visual workflow?;AWS Step Functions;Amazon SNS;Amazon SES;Amazon SWF;;1
How can a systems administrator specify a script to be run on an EC2 instance during launch?;AWS Config;User Data;Run Command;Metadata;;2
You are evaluating AWS services that can assist with creating scalable application environments. Which of the statements below best describes the Elastic Load Balancer service? ;A highly available and scalable Domain Name System (DNS) service;A network service that provides an alternative to using the Internet to connect customers on-premise sites to AWS;Helps you ensure that you have the correct number of Amazon EC2 instances available to handle the load for your application;Automatically distributes incoming application traffic across multiple targets such as Amazon EC2 instances containers and IP addresses;;4
Which of the following acts as a virtual ���rewall at the Amazon EC2 instance level to control traffic for one or more instances?;Route table;Network Access Control Lists (ACL);Security groups;Virtual private gateways (VPG);;3
Which feature of Amazon S3 enables you to create rules to control the transfer of objects between different storage classes?;Lifecycle management;Object sharing;Bucket policies;Versioning;;1
The AWS Cost Management tools give users the ability to do which of the following? (Select TWO.) ;Create budgets and receive notifications if current or forecasted usage exceeds the budgets;Terminate any AWS resource automatically if budget thresholds are exceeded;Switch automatically to Reserved Instances or Spot Instances whichever is most cost-effective;Break down AWS costs by day service and linked AWS account;Move data stored in Amazon S3 to a more cost-effective storage class;1 4
How can a company configure automatic asynchronous copying of objects in Amazon S3 buckets across regions?;This is done by default by AWS;Using cross-region replication;By configuring multi-master replication;Using lifecycle actions;;2
Which AWS Cloud design principles can help increase reliability? (Select TWO.);Measuring overall ef���ciency;Adopting a consumption model;Automatically recovering from failure;Testing recovery procedures;Using monolithic architecture;3 4
Which of the authentication options below can be used to authenticate using AWS APIs? (Select TWO.);Security groups;Access keys;Server certificates;Key pairs;Server passwords;2 3
Where do Amazon Identity and Access Management (IAM) accounts need to be created for a global organization? ;Create them globally and then replicate them regionally;In each geographical area where the users are located;Just create them once as IAM is a global service;In each region where the users are located; ;3
Which of the following statements about AWSs pay-as-you-go pricing model is correct?;It results in reduced capital expenditures;It is relevant only for Amazon EC2 Amazon S3 and Amazon DynamoDB;It reduces operational expenditures;It requires payment up front for AWS services;;1
Which AWS security tool uses an agent installed in EC2 instances and assesses applications for vulnerabilities and deviations from best practices?   ;AWS Inspector;AWS Personal Health Dashboard;AWS Trusted Advisor;AWS TCO Calculator;;1
Based on the shared responsibility model which of the following security and compliance tasks is AWS responsible for?;Updating operating systems;Granting access to individuals and services;Updating Amazon EC2 host firmware;Encrypting data in transit;;3
Which AWS service can serve a static website?;Amazon S3;AWS X-Ray;Amazon QuickSight;Amazon Route 53;;1
What is the most efficient way to establish network connectivity from on-premises to multiple VPCs in different AWS Regions?;Use AWS Direct Connect;Use an AWS Transit Gateway;Use AWS Client VPN;Use AWS VPN;;2
Under the AWS shared responsibility model which of the following are customer responsibilities? (Select TWO.);Amazon RDS instance patching;Network and ���rewall con���gurations;Compute capacity availability;Physical security of data center facilities;Setting up server-side encryption on an Amazon S3 bucket;2 5
Which AWS service or feature helps restrict the AWS service resources and individual API actions the users and roles in each member account can access?;AWS Shield;Amazon Cognito;AWS Firewall Manager;AWS Organizations; ;4
Which AWS service is designed to be used for operational analytics?;Amazon EMR;Amazon Athena;Amazon Elasticsearch Service;Amazon QuickSight; ;3
What methods are available for scaling an Amazon RDS database? (Select TWO.) ;You can scale up by increasing storage capacity;You can scale up by moving to a larger instance size;You can scale out by implementing Elastic Load Balancing;You can scale out automatically with EC2 Auto Scaling;You can scale up automatically using AWS Auto Scaling;1 2
Your company has recently migrated to AWS. How can your CTO monitor the organizations costs?;AWS Consolidated Billing;AWS Cost Explorer;AWS CloudTrail;AWS Simple Monthly calculator;;2
Which AWS service is suitable for an event-driven workload?; AWS Lambda;Amazon EC2;Amazon Open 3D Engine;AWS Elastic Beanstalk;;1
Which pricing model will interrupt a running Amazon EC2 instance if capacity becomes temporarily unavailable?;Spot Instances;Standard Reserved Instances;Convertible Reserved Instances;On-Demand Instances;;1
Which type of Elastic Load Balancer operates at the TCP connection level?;Application Load Balancer (ALB);Classic Load Balancer (CLB);Network Load Balancer (NLB);Amazon Route 53 Load Balancer;;3
To reduce cost which of the following services support reservations? (Select TWO.) ;Amazon S3;Amazon ElastiCache;Amazon RedShift;AWS Elastic Beanstalk;Amazon CloudFormation;2 3
Your manager has asked you to explain some of the security features available in the AWS cloud. How can you describe the function of Amazon CloudHSM?; It is a firewall for use with web applications;It is a Public Key Infrastructure (PKI);It provides server-side encryption for S3 objects;It can be used to generate use and manage encryption keys in the cloud;;4
Where are Amazon EBS snapshots stored?;On an Amazon EBS instance store;On an Amazon EFS filesystem;On Amazon S3;Within the EBS block store;;3
Your organization has offices around the world and some employees travel between offices. How should their accounts be setup? ;Enable MFA for the accounts;Set the user account as a �??global�?� account when created;Create a separate account in IAM within each region in which they will travel;IAM is a global service just create the users in one place ;;4
Which AWS support plans provide 24x7 access to customer service?;Basic;Developer;Business;All plans;;4
According to the AWS Well-Architected Framework what change management steps should be taken to achieve reliability in the AWS Cloud? (Select TWO.) ;Use AWS CloudTrail to record AWS API calls into an auditable log ���le;Use Amazon GuardDuty to record API activity to an S3 bucket;Use service limits to prevent users from creating or making changes to AWS resources;Use AWS Certi���cate Manager to create a catalog of approved services;Use AWS Con���g to generate an inventory of AWS resources;1 5
What are the advantages of running a database service such as Amazon RDS in the cloud versus deploying on-premise? (Select TWO.) ;You can use any database software you like allowing greater flexibility;High availability is easier to implement due to built-in functionality for deploying read replicas and multi-AZ;There are no costs for replicating data between DBs in different data centers or regions;You have full control of the operating system and can install your own operational tools;Scalability is improved as it is quicker to implement and there is an abundance of capacity;2 5
Which AWS technology can be referred to as a virtual hard disk in the cloud�? ;Amazon EFS Filesystem;Amazon S3 Bucket;Amazon ENI;Amazon EBS volume;;4
How can you deploy your EC2 instances so that if a single data center fails you still have instances available?;Across Availability Zones;Across VPCs;Across regions;Across subnets;;1
Which AWS Glacier data access option retrieves data from an archive in 1-5 minutes? ;Standard;Accelerated;Express;Expedited;;4
What is the easiest way to store a backup of an EBS volume on Amazon S3?; Use S3 lifecycle actions to backup the volume;Write a custom script to copy the data into a bucket;Use Amazon Kinesis to process the data and store the results in S3;Create a snapshot of the volume;;4
